Workbook
Name aporte: Planilha1!$E$18:$E$18
Name dividendosM: Planilha1!$E$22:$E$22
Name duracao_anos: Planilha1!$E$19:$E$19
Name patrimonio: Planilha1!$E$21:$E$21
Name rendimento_carteira: Planilha1!$E$14:$E$14
Name salario: Planilha1!$E$13:$E$13
Name sugestao_investimento: Planilha1!$E$15:$E$15
Name taxa_rend_mensal: Planilha1!$E$20:$E$20

Sheet Planilha1
C12: CONFIGURAÇÕES
C13: Salário | E13: 1500
C14: Rendimento da Carteira | E14: 0.009
C15: Sugestão de Investimento (30%) | E15: =E13*30% -> 450
C17: INVESTIMENTO MENSAL
C18: Quanto Investir por Mês? | E18: 200
C19: Por Quantos Anos? | E19: 5
C20: Taxa de Rendimento Mensal? | E20: 0.01079
C21: Patrimômio Acumulado | E21: {=FV(taxa_rend_mensal,duracao_anos*12,aporte)*-1} -> 16755.383
C22: Dividendos Mensais | E22: {=E21*taxa_rend_mensal} -> 180.79058
C24: CENÁRIOS | E24: Dividendos
B25: 2 | C25: Quanto em 2 Anos? | D25: =FV($E$20,$B25*12,$E$18*-1) -> 5445.5255 | E25: =D25*E14 -> 49.009729
B26: 5 | C26: Quanto em 5 Anos? | D26: =FV($E$20,$B26*12,$E$18*-1) -> 16755.383 | E26: {=D26*rendimento_carteira} -> 150.79845
B27: 10 | C27: Quanto em 10 Anos? | D27: =FV($E$20,$B27*12,$E$18*-1) -> 48656.843 | E27: {=D27*rendimento_carteira} -> 437.91158
B28: 20 | C28: Quanto em 20 Anos? | D28: =FV($E$20,$B28*12,$E$18*-1) -> 225039.68 | E28: {=D28*rendimento_carteira} -> 2025.3571
B29: 30 | C29: Quanto em 30 Anos? | D29: =FV($E$20,$B29*12,$E$18*-1) -> 864433.93 | E29: {=D29*rendimento_carteira} -> 7779.9054
C33: PERFIL | D33: Agressivo
C34: VALOR A SER INVESTIDO POR MÊS | D34: =E18 -> 200
C36: TIPO DE FII | D36: PORCENTUAL SUGERIDO | E36: VALORES
C37: PAPEL | D37: =VLOOKUP($D$33&"-"&C37,auxiliar!B:E,4,FALSE) -> 0.5 | E37: =D37*$D$34 -> 100
C38: TIJOLO | D38: =VLOOKUP($D$33&"-"&C38,auxiliar!B:E,4,FALSE) -> 0.1 | E38: =D38*$D$34 -> 20
C39: HÍBRIDOS | D39: =VLOOKUP($D$33&"-"&C39,auxiliar!B:E,4,FALSE) -> 0.05 | E39: =D39*$D$34 -> 10
C40: FOFs | D40: =VLOOKUP($D$33&"-"&C40,auxiliar!B:E,4,FALSE) -> 0.05 | E40: =D40*$D$34 -> 10
C41: DESENVOLVIMENTO | D41: =VLOOKUP($D$33&"-"&C41,auxiliar!B:E,4,FALSE) -> 0.2 | E41: =D41*$D$34 -> 40
C42: HOTELARIAS | D42: =VLOOKUP($D$33&"-"&C42,auxiliar!B:E,4,FALSE) -> 0.1 | E42: =D42*$D$34 -> 20
E43: =SUM(E37:E42) -> 200

Sheet auxiliar
B4: CHAVE | C4: PERFIL | D4: TIPOS DE FIIS | E4: %
B5: =C5&"-"&D5 -> Conservador-PAPEL | C5: Conservador | D5: PAPEL | E5: 0.3 | H5: %
B6: =C6&"-"&D6 -> Conservador-TIJOLO | C6: Conservador | D6: TIJOLO | E6: 0.5 | G6: Moderado-TIJOLO | H6: =VLOOKUP(G6,$B:$E,4,FALSE) -> 0.35
B7: =C7&"-"&D7 -> Conservador-HÍBRIDOS | C7: Conservador | D7: HÍBRIDOS | E7: 0.1
B8: =C8&"-"&D8 -> Conservador-FOFs | C8: Conservador | D8: FOFs | E8: 0.1
B9: =C9&"-"&D9 -> Conservador-DESENVOLVIMENTO | C9: Conservador | D9: DESENVOLVIMENTO | E9: 0
B10: =C10&"-"&D10 -> Conservador-HOTELARIAS | C10: Conservador | D10: HOTELARIAS | E10: 0
B11: =C11&"-"&D11 -> Moderado-PAPEL | C11: Moderado | D11: PAPEL | E11: 0.32
B12: =C12&"-"&D12 -> Moderado-TIJOLO | C12: Moderado | D12: TIJOLO | E12: 0.35
B13: =C13&"-"&D13 -> Moderado-HÍBRIDOS | C13: Moderado | D13: HÍBRIDOS | E13: 0.08
B14: =C14&"-"&D14 -> Moderado-FOFs | C14: Moderado | D14: FOFs | E14: 0.05
B15: =C15&"-"&D15 -> Moderado-DESENVOLVIMENTO | C15: Moderado | D15: DESENVOLVIMENTO | E15: 0.1
B16: =C16&"-"&D16 -> Moderado-HOTELARIAS | C16: Moderado | D16: HOTELARIAS | E16: 0.1
B17: =C17&"-"&D17 -> Agressivo-PAPEL | C17: Agressivo | D17: PAPEL | E17: 0.5
B18: =C18&"-"&D18 -> Agressivo-TIJOLO | C18: Agressivo | D18: TIJOLO | E18: 0.1
... B22: =C22&"-"&D22 -> Agressivo-HOTELARIAS | C22: Agressivo | D22: HOTELARIAS | E22: 0.1
